region,avg_cost
southwest,12346.93732797476
southeast,14735.411452073316
northwest,12417.575369591346
northeast,13406.38453128014
